"ageGroup","detailedRE","reGroup","population","population_low","population_upp"
"0","All Other Spanish/Hispanic/Latino","Latino",5807,4875.53639666124,6738.46360333876
"0","All combinations of Asian races only","Asian alone",4897,4093.90575460485,5700.09424539515
"0","All other specified American Indian tribe combinations","American Indian/Alaska Native",775,475.296424002021,1074.70357599798
"0","American Indian and Alaska Native, not specified","American Indian/Alaska Native",171,54.1078562712595,287.892143728741
"0","American Indian, tribe not specified","American Indian/Alaska Native",186,28.7430957930206,343.256904206979
"0","Argentinean","Latino",720,318.558956921624,1121.44104307838
"0","Asian Indian alone","Asian alone",10013,9046.22089560635,10979.7791043937
"0","Bangladeshi alone","Asian alone",301,104.291548752845,497.708451247155
"0","Black or African American alone","Black or African American alone",20841,19002.9258151693,22679.0741848307
"0","Blackfeet alone","American Indian/Alaska Native",65,-26.1606639250412,156.160663925041
"0","Bolivian","Latino",154,-2.04799595571856,310.047995955719
"0","Burmese alone","Asian alone",138,7.67870204789978,268.3212979521
"0","Cambodian alone","Asian alone",553,311.708088883037,794.291911116963
"0","Cherokee alone","American Indian/Alaska Native",19,-15.4065886332002,53.4065886332002
"0","Cheyenne alone","American Indian/Alaska Native",48,-42.1676142196484,138.167614219648
"0","Chickasaw alone","American Indian/Alaska Native",27,-27.6685765309952,81.6685765309952
"0","Chilean","Latino",619,300.294174277511,937.705825722489
"0","Chinese, except Taiwanese, alone","Asian alone",10570,9469.64084933156,11670.3591506684
"0","Choctaw alone","American Indian/Alaska Native",59,-6.61545610008049,124.61545610008
"0","Colombian","Latino",1107,538.69631272438,1675.30368727562
"0","Costa Rican","Latino",235,76.4328106313322,393.567189368668
"0","Cuban","Latino",1041,605.058685458014,1476.94131454199
"0","Dominican","Latino",480,268.374794475148,691.625205524852
"0","Ecuadorian","Latino",681,340.283119099719,1021.71688090028
"0","Fijian alone","Native Hawaiian and Other Pacific Islander alone",237,48.4937510568182,425.506248943182
"0","Filipino alone","Asian alone",5716,4885.99741757891,6546.00258242109
"0","Guamanian or Chamorro alone","Native Hawaiian and Other Pacific Islander alone",5,-7.47013482471832,17.4701348247183
"0","Guatemalan","Latino",6195,5157.11896455208,7232.88103544792
"0","Hmong alone","Asian alone",1796,1343.56055307349,2248.43944692651
"0","Honduran","Latino",1541,987.589690366627,2094.41030963337
"0","Indonesian alone","Asian alone",178,30.4433197318569,325.556680268143
"0","Japanese alone","Asian alone",791,515.03572484857,1066.96427515143
"0","Korean alone","Asian alone",2775,2144.39251423441,3405.60748576559
"0","Laotian alone","Asian alone",334,112.708838889901,555.291161110099
"0","Malaysian alone","Asian alone",35,-26.60435361682,96.60435361682
"0","Marshallese alone","Native Hawaiian and Other Pacific Islander alone",62,-58.0366904888279,182.036690488828
"0","Mexican","Latino",187860,183220.429764115,192499.570235885
"0","Mexican American Indian alone","American Indian/Alaska Native",9,-5.20071493995013,23.2007149399501
"0","Mongolian alone","Asian alone",170,9.55934131765969,330.44065868234
"0","Native Hawaiian alone","Native Hawaiian and Other Pacific Islander alone",76,-3.90114412383267,155.901144123833
"0","Navajo alone","American Indian/Alaska Native",60,-42.1122297734532,162.112229773453
"0","Nepalese alone","Asian alone",204,60.4300253576282,347.569974642372
"0","Nicaraguan","Latino",2045,1490.31648612588,2599.68351387412
"0","Other American Indian and Alaska Native specified","American Indian/Alaska Native",45,-30.2405976525043,120.240597652504
"0","Other Asian alone","Asian alone",282,120.296285537808,443.703714462192
"0","Other Central American","Latino",142,4.20390503336756,279.796094966632
"0","Other Native Hawaiian and Other Pacific Islander","Native Hawaiian and Other Pacific Islander alone",235,56.0652791455809,413.934720854419
"0","Other specified American Indian tribes alone","American Indian/Alaska Native",34,-14.1116973720785,82.1116973720785
"0","Pakistani alone","Asian alone",1100,751.246084994977,1448.75391500502
"0","Panamanian","Latino",225,61.9664528289797,388.03354717102
"0","Peruvian","Latino",1325,818.197604054372,1831.80239594563
"0","Potawatomi alone","American Indian/Alaska Native",8,-8.78953896340449,24.7895389634045
"0","Pueblo alone","American Indian/Alaska Native",34,-42.2461952101294,110.246195210129
"0","Puerto Rican","Latino",3079,2418.27920453117,3739.72079546883
"0","Salvadoran","Latino",10416,9275.25806752574,11556.7419324743
"0","Samoan alone","Native Hawaiian and Other Pacific Islander alone",394,172.022854330722,615.977145669278
"0","Sioux alone","American Indian/Alaska Native",82,3.12943076742728,160.870569232573
"0","Some Other Race alone","Some Other Race alone",1787,1282.03588412806,2291.96411587194
"0","Spaniard","Latino",2176,1571.75770160044,2780.24229839956
"0","Sri Lankan alone","Asian alone",82,-5.38167103542709,169.381671035427
"0","Taiwanese alone","Asian alone",827,521.608564166237,1132.39143583376
"0","Thai alone","Asian alone",336,87.7620492082323,584.237950791768
"0","Tongan alone","Native Hawaiian and Other Pacific Islander alone",286,101.843013009801,470.156986990199
"0","Two or More Races","Two or More Races",29004,27154.2778752954,30853.7221247046
"0","Uruguayan","Latino",50,-50.8237203970661,150.823720397066
"0","Venezuelan","Latino",97,-36.8827474295281,230.882747429528
"0","Vietnamese alone","Asian alone",3472,2831.99751569784,4112.00248430216
"0","White alone","White alone",123977,120393.908011593,127560.091988407
"1 - 4","All Other Spanish/Hispanic/Latino","Latino",20045,18345.8840904778,21744.1159095222
"1 - 4","All combinations of Asian races only","Asian alone",19775,18187.2251534069,21362.7748465931
"1 - 4","All other specified American Indian tribe combinations","American Indian/Alaska Native",2435,1940.97442800008,2929.02557199992
"1 - 4","American Indian and Alaska Native, not specified","American Indian/Alaska Native",621,288.196070096808,953.803929903192
"1 - 4","American Indian, tribe not specified","American Indian/Alaska Native",675,368.985838717235,981.014161282765
"1 - 4","Apache alone","American Indian/Alaska Native",200,-15.8239206095712,415.823920609571
"1 - 4","Argentinean","Latino",2168,1540.69200307734,2795.30799692266
"1 - 4","Asian Indian alone","Asian alone",47377,44879.2022005105,49874.7977994895
"1 - 4","Bangladeshi alone","Asian alone",697,387.604698476706,1006.39530152329
"1 - 4","Black or African American alone","Black or African American alone",96197,92933.5111964644,99460.4888035356
"1 - 4","Blackfeet alone","American Indian/Alaska Native",64,-26.8232201622664,154.823220162266
"1 - 4","Bolivian","Latino",520,305.526796207298,734.473203792702
"1 - 4","Burmese alone","Asian alone",703,312.776817747938,1093.22318225206
"1 - 4","Cambodian alone","Asian alone",3411,2765.15518775525,4056.84481224475
"1 - 4","Cherokee alone","American Indian/Alaska Native",286,50.7329109086448,521.267089091355
"1 - 4","Chickasaw alone","American Indian/Alaska Native",5,-8.30031877660985,18.3003187766098
"1 - 4","Chilean","Latino",1646,1043.36576403287,2248.63423596713
"1 - 4","Chinese, except Taiwanese, alone","Asian alone",50189,47767.879904391,52610.120095609
"1 - 4","Chippewa alone","American Indian/Alaska Native",10,-16.3311812666258,36.3311812666258
"1 - 4","Choctaw alone","American Indian/Alaska Native",157,12.9066638726528,301.093336127347
"1 - 4","Colombian","Latino",3869,2937.42049858266,4800.57950141734
"1 - 4","Costa Rican","Latino",1359,889.14917904798,1828.85082095202
"1 - 4","Creek alone","American Indian/Alaska Native",27,-26.9040965205776,80.9040965205776
"1 - 4","Cuban","Latino",4937,3951.92731709649,5922.07268290351
"1 - 4","Dominican","Latino",1447,919.298839019033,1974.70116098097
"1 - 4","Ecuadorian","Latino",2333,1721.90990386592,2944.09009613408
"1 - 4","Fijian alone","Native Hawaiian and Other Pacific Islander alone",1066,709.465693375085,1422.53430662491
"1 - 4","Filipino alone","Asian alone",34726,32796.0104750848,36655.9895249152
"1 - 4","Guamanian or Chamorro alone","Native Hawaiian and Other Pacific Islander alone",834,430.937764201077,1237.06223579892
"1 - 4","Guatemalan","Latino",28070,25950.9020726981,30189.0979273019
"1 - 4","Hmong alone","Asian alone",7567,6623.85419966622,8510.14580033378
"1 - 4","Honduran","Latino",5799,4751.8603900604,6846.1396099396
"1 - 4","Indonesian alone","Asian alone",928,589.822567859017,1266.17743214098
"1 - 4","Inupiat alone","American Indian/Alaska Native",9,-13.6159293925146,31.6159293925146
"1 - 4","Iroquois alone","American Indian/Alaska Native",22,-21.8644830009099,65.8644830009099
"1 - 4","Japanese alone","Asian alone",4798,3924.35888675274,5671.64111324726
"1 - 4","Korean alone","Asian alone",15675,14216.8645228984,17133.1354771016
"1 - 4","Laotian alone","Asian alone",2265,1667.67405009214,2862.32594990786
"1 - 4","Malaysian alone","Asian alone",94,-31.0123167477413,219.012316747741
"1 - 4","Marshallese alone","Native Hawaiian and Other Pacific Islander alone",102,5.64082719559109,198.359172804409
"1 - 4","Mexican","Latino",882350,876411.234199012,888288.765800988
"1 - 4","Mexican American Indian alone","American Indian/Alaska Native",100,1.13351455109549,198.866485448905
"1 - 4","Mongolian alone","Asian alone",572,211.650441973475,932.349558026525
"1 - 4","Native Hawaiian alone","Native Hawaiian and Other Pacific Islander alone",367,102.066665463725,631.933334536275
"1 - 4","Navajo alone","American Indian/Alaska Native",25,-14.4189555652443,64.4189555652443
"1 - 4","Nepalese alone","Asian alone",987,565.716851717257,1408.28314828274
"1 - 4","Nicaraguan","Latino",5831,4763.60086886988,6898.39913113012
"1 - 4","Other American Indian and Alaska Native specified","American Indian/Alaska Native",118,32.8422217943234,203.157778205677
"1 - 4","Other Asian alone","Asian alone",1205,730.124505900441,1679.87549409956
"1 - 4","Other Central American","Latino",1526,909.91144715782,2142.08855284218
"1 - 4","Other Native Hawaiian and Other Pacific Islander","Native Hawaiian and Other Pacific Islander alone",1191,725.785966037175,1656.21403396282
"1 - 4","Other South American","Latino",141,-33.2940087781132,315.294008778113
"1 - 4","Other specified American Indian tribes alone","American Indian/Alaska Native",362,177.447586078214,546.552413921786
"1 - 4","Pakistani alone","Asian alone",4074,3284.34472529748,4863.65527470252
"1 - 4","Panamanian","Latino",1227,808.715282582329,1645.28471741767
"1 - 4","Paraguayan","Latino",129,15.3184547169697,242.68154528303
"1 - 4","Peruvian","Latino",5130,4037.64625620178,6222.35374379822
"1 - 4","Pima alone","American Indian/Alaska Native",2,-3.57681383133152,7.57681383133152
"1 - 4","Potawatomi alone","American Indian/Alaska Native",20,-17.171357908241,57.171357908241
"1 - 4","Puerto Rican","Latino",14353,12593.4552988857,16112.5447011143
"1 - 4","Salvadoran","Latino",40050,37084.8266491749,43015.1733508251
"1 - 4","Samoan alone","Native Hawaiian and Other Pacific Islander alone",2109,1443.39541396202,2774.60458603798
"1 - 4","Seminole alone","American Indian/Alaska Native",67,-7.5608939705884,141.560893970588
"1 - 4","Sioux alone","American Indian/Alaska Native",185,19.7183071537974,350.281692846203
"1 - 4","Some Other Race alone","Some Other Race alone",7128,5784.35963687373,8471.64036312627
"1 - 4","Spaniard","Latino",8032,6916.2806588148,9147.7193411852
"1 - 4","Sri Lankan alone","Asian alone",300,114.798260964033,485.201739035967
"1 - 4","Taiwanese alone","Asian alone",2589,2007.66448954319,3170.33551045681
"1 - 4","Thai alone","Asian alone",1085,689.189829339866,1480.81017066013
"1 - 4","Tohono O'Odham alone","American Indian/Alaska Native",72,-29.7575694461467,173.757569446147
"1 - 4","Tongan alone","Native Hawaiian and Other Pacific Islander alone",724,375.01895622698,1072.98104377302
"1 - 4","Two or More Races","Two or More Races",115491,111624.851043978,119357.148956022
"1 - 4","Uruguayan","Latino",297,15.0739644393683,578.926035560632
"1 - 4","Venezuelan","Latino",567,257.171543114972,876.828456885028
"1 - 4","Vietnamese alone","Asian alone",20008,18444.8228930792,21571.1771069208
"1 - 4","White alone","White alone",517359,513449.427437421,521268.572562579
"5 - 14","Alaskan Athabascan alone","American Indian/Alaska Native",11,-10.8677929649108,32.8677929649108
"5 - 14","Aleut alone","American Indian/Alaska Native",4,-4.64185541089339,12.6418554108934
"5 - 14","All Other Spanish/Hispanic/Latino","Latino",54862,51668.580432792,58055.419567208
"5 - 14","All combinations of Asian races only","Asian alone",37124,34915.9473244502,39332.0526755498
"5 - 14","All other specified American Indian tribe combinations","American Indian/Alaska Native",6291,5257.17474247082,7324.82525752918
"5 - 14","American Indian and Alaska Native, not specified","American Indian/Alaska Native",1334,921.817697343789,1746.18230265621
"5 - 14","American Indian, tribe not specified","American Indian/Alaska Native",905,517.765597750129,1292.23440224987
"5 - 14","Apache alone","American Indian/Alaska Native",428,160.862226769078,695.137773230922
"5 - 14","Argentinean","Latino",6230,5128.94895220325,7331.05104779675
"5 - 14","Asian Indian alone","Asian alone",105833,101439.413734227,110226.586265773
"5 - 14","Bangladeshi alone","Asian alone",1733,1236.82423822619,2229.17576177381
"5 - 14","Black or African American alone","Black or African American alone",248425,244315.4747079,252534.5252921
"5 - 14","Blackfeet alone","American Indian/Alaska Native",277,37.5913659880402,516.40863401196
"5 - 14","Bolivian","Latino",1581,1009.78743190837,2152.21256809163
"5 - 14","Burmese alone","Asian alone",1535,1096.15786257945,1973.84213742055
"5 - 14","Cambodian alone","Asian alone",10151,8823.98810195522,11478.0118980448
"5 - 14","Cherokee alone","American Indian/Alaska Native",771,437.167911845153,1104.83208815485
"5 - 14","Cheyenne alone","American Indian/Alaska Native",11,-13.0342226698779,35.0342226698779
"5 - 14","Chickasaw alone","American Indian/Alaska Native",41,-31.39467441965,113.39467441965
"5 - 14","Chilean","Latino",4090,3030.69892922897,5149.30107077103
"5 - 14","Chinese, except Taiwanese, alone","Asian alone",118636,114776.828248815,122495.171751185
"5 - 14","Chippewa alone","American Indian/Alaska Native",39,-29.0489486741475,107.048948674147
"5 - 14","Choctaw alone","American Indian/Alaska Native",466,148.759138135726,783.240861864274
"5 - 14","Colombian","Latino",10003,8424.13447999487,11581.8655200051
"5 - 14","Comanche alone","American Indian/Alaska Native",89,-1.40128762513838,179.401287625138
"5 - 14","Costa Rican","Latino",2827,2125.2291002938,3528.7708997062
"5 - 14","Creek alone","American Indian/Alaska Native",108,-12.9900690213712,228.990069021371
"5 - 14","Cuban","Latino",12057,10658.4470890483,13455.5529109517
"5 - 14","Dominican","Latino",2198,1395.46809920663,3000.53190079337
"5 - 14","Ecuadorian","Latino",5129,4201.46130761544,6056.53869238456
"5 - 14","Fijian alone","Native Hawaiian and Other Pacific Islander alone",2872,2182.24308779804,3561.75691220196
"5 - 14","Filipino alone","Asian alone",108400,104338.108465829,112461.891534171
"5 - 14","Guamanian or Chamorro alone","Native Hawaiian and Other Pacific Islander alone",1445,917.397388525581,1972.60261147442
"5 - 14","Guatemalan","Latino",66760,63015.981223148,70504.018776852
"5 - 14","Hmong alone","Asian alone",18427,16831.9577197259,20022.0422802741
"5 - 14","Honduran","Latino",14101,12466.3152714181,15735.6847285819
"5 - 14","Hopi alone","American Indian/Alaska Native",34,-54.5112722692413,122.511272269241
"5 - 14","Indonesian alone","Asian alone",3305,2492.07603367584,4117.92396632416
"5 - 14","Inupiat alone","American Indian/Alaska Native",58,-19.4691813645332,135.469181364533
"5 - 14","Iroquois alone","American Indian/Alaska Native",98,-20.7424923287239,216.742492328724
"5 - 14","Japanese alone","Asian alone",12010,10626.5791815696,13393.4208184304
"5 - 14","Korean alone","Asian alone",41389,38704.9109920766,44073.0890079234
"5 - 14","Laotian alone","Asian alone",6108,5104.38685701469,7111.61314298531
"5 - 14","Malaysian alone","Asian alone",242,45.5132239381297,438.48677606187
"5 - 14","Marshallese alone","Native Hawaiian and Other Pacific Islander alone",373,-2.94962610774803,748.949626107748
"5 - 14","Mexican","Latino",2284421,2275659.48360678,2293182.51639322
"5 - 14","Mexican American Indian alone","American Indian/Alaska Native",80,1.18219288899688,158.817807111003
"5 - 14","Mongolian alone","Asian alone",960,557.34835410502,1362.65164589498
"5 - 14","Native Hawaiian alone","Native Hawaiian and Other Pacific Islander alone",1373,818.938242297051,1927.06175770295
"5 - 14","Navajo alone","American Indian/Alaska Native",568,282.044618385502,853.955381614498
"5 - 14","Nepalese alone","Asian alone",1825,1252.14580138825,2397.85419861175
"5 - 14","Nicaraguan","Latino",15447,13466.3220082812,17427.6779917188
"5 - 14","Other Alaska Native","American Indian/Alaska Native",12,-18.0979503423404,42.0979503423404
"5 - 14","Other American Indian and Alaska Native specified","American Indian/Alaska Native",678,264.019850779595,1091.98014922041
"5 - 14","Other Asian alone","Asian alone",3714,2959.97644916791,4468.02355083209
"5 - 14","Other Central American","Latino",2748,1832.1314776721,3663.8685223279
"5 - 14","Other Native Hawaiian and Other Pacific Islander","Native Hawaiian and Other Pacific Islander alone",2391,1598.61417109423,3183.38582890577
"5 - 14","Other South American","Latino",515,196.586752271518,833.413247728482
"5 - 14","Other specified American Indian tribes alone","American Indian/Alaska Native",913,503.492501882913,1322.50749811709
"5 - 14","Pakistani alone","Asian alone",10586,8868.44433118283,12303.5556688172
"5 - 14","Panamanian","Latino",2271,1685.85316981966,2856.14683018034
"5 - 14","Paraguayan","Latino",144,17.1089942401568,270.891005759843
"5 - 14","Peruvian","Latino",12528,10966.7926900929,14089.2073099071
"5 - 14","Pima alone","American Indian/Alaska Native",98,-21.3481979531799,217.34819795318
"5 - 14","Potawatomi alone","American Indian/Alaska Native",90,-75.0754174522321,255.075417452232
"5 - 14","Pueblo alone","American Indian/Alaska Native",69,1.91267365020227,136.087326349798
"5 - 14","Puerto Rican","Latino",33266,30286.8082512688,36245.1917487312
"5 - 14","Salvadoran","Latino",96205,91133.2808379192,101276.719162081
"5 - 14","Samoan alone","Native Hawaiian and Other Pacific Islander alone",4110,3191.96711838259,5028.03288161741
"5 - 14","Seminole alone","American Indian/Alaska Native",26,-9.492021271391,61.492021271391
"5 - 14","Sioux alone","American Indian/Alaska Native",218,75.8151041633652,360.184895836635
"5 - 14","Some Other Race alone","Some Other Race alone",16398,14468.4762100808,18327.5237899192
"5 - 14","Spaniard","Latino",20467,18182.7900473125,22751.2099526875
"5 - 14","Sri Lankan alone","Asian alone",816,487.960459463659,1144.03954053634
"5 - 14","Taiwanese alone","Asian alone",5186,4270.04929057913,6101.95070942087
"5 - 14","Thai alone","Asian alone",2524,1835.3262318664,3212.6737681336
"5 - 14","Tohono O'Odham alone","American Indian/Alaska Native",74,-72.9176096316683,220.917609631668
"5 - 14","Tongan alone","Native Hawaiian and Other Pacific Islander alone",3032,2314.86382647499,3749.13617352501
"5 - 14","Two or More Races","Two or More Races",263948,257982.360014516,269913.639985484
"5 - 14","Uruguayan","Latino",493,229.123424919241,756.876575080759
"5 - 14","Venezuelan","Latino",1411,877.269396037182,1944.73060396282
"5 - 14","Vietnamese alone","Asian alone",68620,65259.6191682186,71980.3808317814
"5 - 14","White alone","White alone",1274143,1272528.56155251,1275757.43844749
"5 - 14","Yaqui alone","American Indian/Alaska Native",18,-17.0596207227838,53.0596207227838
"15 - 24","Alaskan Athabascan alone","American Indian/Alaska Native",16,-16.75182849352,48.75182849352
"15 - 24","Aleut alone","American Indian/Alaska Native",33,-20.9022590166477,86.9022590166477
"15 - 24","All Other Spanish/Hispanic/Latino","Latino",60395,57114.0316888613,63675.9683111387
"15 - 24","All combinations of Asian races only","Asian alone",26388,24831.0712960274,27944.9287039726
"15 - 24","All other specified American Indian tribe combinations","American Indian/Alaska Native",7996,7098.10098266624,8893.89901733376
"15 - 24","American Indian and Alaska Native, not specified","American Indian/Alaska Native",2464,1865.37462250103,3062.62537749897
"15 - 24","American Indian, tribe not specified","American Indian/Alaska Native",741,463.451362887914,1018.54863711209
"15 - 24","Apache alone","American Indian/Alaska Native",570,255.078002702562,884.921997297438
"15 - 24","Argentinean","Latino",6498,5387.56807271213,7608.43192728787
"15 - 24","Asian Indian alone","Asian alone",74358,70795.2990681153,77920.7009318847
"15 - 24","Bangladeshi alone","Asian alone",1850,1331.85078932483,2368.14921067517
"15 - 24","Bhutanese alone","Asian alone",63,-63.3638064519133,189.363806451913
"15 - 24","Black or African American alone","Black or African American alone",309634,305389.744622628,313878.255377372
"15 - 24","Blackfeet alone","American Indian/Alaska Native",90,-52.3631160876267,232.363116087627
"15 - 24","Bolivian","Latino",2003,1392.06179449054,2613.93820550946
"15 - 24","Burmese alone","Asian alone",1646,1111.55985596734,2180.44014403266
"15 - 24","Cambodian alone","Asian alone",10833,9416.78607300973,12249.2139269903
"15 - 24","Cherokee alone","American Indian/Alaska Native",2036,1351.80391171318,2720.19608828682
"15 - 24","Cheyenne alone","American Indian/Alaska Native",120,-34.6805227576172,274.680522757617
"15 - 24","Chickasaw alone","American Indian/Alaska Native",258,47.7920598438543,468.207940156146
"15 - 24","Chilean","Latino",2749,2192.34256477978,3305.65743522022
"15 - 24","Chinese, except Taiwanese, alone","Asian alone",175823,171172.952878863,180473.047121137
"15 - 24","Chippewa alone","American Indian/Alaska Native",11,-14.9675571647924,36.9675571647924
"15 - 24","Choctaw alone","American Indian/Alaska Native",479,239.061980452042,718.938019547958
"15 - 24","Colombian","Latino",11096,9777.37999072994,12414.6200092701
"15 - 24","Comanche alone","American Indian/Alaska Native",40,-19.5008128214435,99.5008128214435
"15 - 24","Costa Rican","Latino",3224,2528.86465126634,3919.13534873366
"15 - 24","Creek alone","American Indian/Alaska Native",161,-6.42455155262456,328.424551552625
"15 - 24","Crow alone","American Indian/Alaska Native",52,-58.3434937615261,162.343493761526
"15 - 24","Cuban","Latino",13233,11388.8227983565,15077.1772016435
"15 - 24","Dominican","Latino",3078,2329.79058672457,3826.20941327543
"15 - 24","Ecuadorian","Latino",4785,3953.85391418598,5616.14608581402
"15 - 24","Fijian alone","Native Hawaiian and Other Pacific Islander alone",3304,2639.58977706421,3968.41022293579
"15 - 24","Filipino alone","Asian alone",148480,143877.892190192,153082.107809808
"15 - 24","Guamanian or Chamorro alone","Native Hawaiian and Other Pacific Islander alone",3210,2352.57686550019,4067.42313449981
"15 - 24","Guatemalan","Latino",67056,63584.5694071172,70527.4305928828
"15 - 24","Hmong alone","Asian alone",19093,17263.8096659115,20922.1903340885
"15 - 24","Honduran","Latino",14494,12782.0892884501,16205.9107115499
"15 - 24","Indonesian alone","Asian alone",3745,3065.67681021306,4424.32318978694
"15 - 24","Inupiat alone","American Indian/Alaska Native",10,-11.8360643647708,31.8360643647708
"15 - 24","Iroquois alone","American Indian/Alaska Native",243,51.0051099158325,434.994890084167
"15 - 24","Japanese alone","Asian alone",16442,15173.3512260513,17710.6487739487
"15 - 24","Korean alone","Asian alone",51402,48795.4384182217,54008.5615817783
"15 - 24","Laotian alone","Asian alone",7066,5733.28953191687,8398.71046808313
"15 - 24","Lumbee alone","American Indian/Alaska Native",70,-88.8286976037532,228.828697603753
"15 - 24","Malaysian alone","Asian alone",372,114.432358745452,629.567641254548
"15 - 24","Marshallese alone","Native Hawaiian and Other Pacific Islander alone",270,61.6753502740252,478.324649725975
"15 - 24","Mexican","Latino",2216276,2206996.88501823,2225555.11498177
"15 - 24","Mexican American Indian alone","American Indian/Alaska Native",113,19.7393888390916,206.260611160908
"15 - 24","Mongolian alone","Asian alone",809,415.136976986274,1202.86302301373
"15 - 24","Native Hawaiian alone","Native Hawaiian and Other Pacific Islander alone",3126,2315.55806449806,3936.44193550194
"15 - 24","Navajo alone","American Indian/Alaska Native",668,318.101441644175,1017.89855835582
"15 - 24","Nepalese alone","Asian alone",1860,1182.13523847347,2537.86476152653
"15 - 24","Nicaraguan","Latino",15624,14122.373636912,17125.626363088
"15 - 24","Other Alaska Native","American Indian/Alaska Native",16,-9.50962107661143,41.5096210766114
"15 - 24","Other American Indian and Alaska Native specified","American Indian/Alaska Native",778,453.280451451196,1102.7195485488
"15 - 24","Other Asian alone","Asian alone",3860,3168.12454605681,4551.87545394319
"15 - 24","Other Central American","Latino",2620,1799.7311455099,3440.2688544901
"15 - 24","Other Native Hawaiian and Other Pacific Islander","Native Hawaiian and Other Pacific Islander alone",1746,1094.2839240083,2397.7160759917
"15 - 24","Other South American","Latino",595,220.602452992047,969.397547007953
"15 - 24","Other specified American Indian tribes alone","American Indian/Alaska Native",874,590.284729264707,1157.71527073529
"15 - 24","Pakistani alone","Asian alone",10129,8840.95930630171,11417.0406936983
"15 - 24","Panamanian","Latino",2503,1971.75614744943,3034.24385255057
"15 - 24","Paraguayan","Latino",327,99.8993130759737,554.100686924026
"15 - 24","Peruvian","Latino",13265,11838.9331295566,14691.0668704434
"15 - 24","Pima alone","American Indian/Alaska Native",161,15.1895022604342,306.810497739566
"15 - 24","Potawatomi alone","American Indian/Alaska Native",309,70.1770775819738,547.822922418026
"15 - 24","Pueblo alone","American Indian/Alaska Native",80,2.83827790401462,157.161722095985
"15 - 24","Puerto Rican","Latino",33703,30933.0646784438,36472.9353215562
"15 - 24","Puget Sound Salish alone","American Indian/Alaska Native",90,-30.1084563795659,210.108456379566
"15 - 24","Salvadoran","Latino",109428,104421.522824049,114434.477175951
"15 - 24","Samoan alone","Native Hawaiian and Other Pacific Islander alone",5861,4961.01523560439,6760.98476439561
"15 - 24","Seminole alone","American Indian/Alaska Native",49,-17.1266984197115,115.126698419712
"15 - 24","Sioux alone","American Indian/Alaska Native",358,83.7361118288658,632.263888171134
"15 - 24","Some Other Race alone","Some Other Race alone",17155,14721.7068968789,19588.2931031211
"15 - 24","South American Indian alone","American Indian/Alaska Native",15,-6.56678291786158,36.5667829178616
"15 - 24","Spaniard","Latino",21700,19575.4378834161,23824.5621165839
"15 - 24","Sri Lankan alone","Asian alone",1177,817.053618877167,1536.94638112283
"15 - 24","Taiwanese alone","Asian alone",7991,7112.74646504277,8869.25353495723
"15 - 24","Thai alone","Asian alone",3883,3250.4701234451,4515.5298765549
"15 - 24","Tlingit-Haida alone","American Indian/Alaska Native",76,-20.0544334290029,172.054433429003
"15 - 24","Tohono O'Odham alone","American Indian/Alaska Native",111,-26.9993643478504,248.99936434785
"15 - 24","Tongan alone","Native Hawaiian and Other Pacific Islander alone",2504,1875.01127723502,3132.98872276498
"15 - 24","Two or More Races","Two or More Races",205946,201192.871684379,210699.128315621
"15 - 24","Uruguayan","Latino",278,112.279031417407,443.720968582593
"15 - 24","Venezuelan","Latino",1826,1271.28023852765,2380.71976147235
"15 - 24","Vietnamese alone","Asian alone",84062,80322.2697021481,87801.7302978519
"15 - 24","White alone","White alone",1488956,1484596.31910373,1493315.68089627
"15 - 24","Yaqui alone","American Indian/Alaska Native",72,-41.7076803738287,185.707680373829
"15 - 24","Yup'ik alone","American Indian/Alaska Native",56,-22.5547258029427,134.554725802943
"25 - 34","Alaskan Athabascan alone","American Indian/Alaska Native",78,-26.284205676436,182.284205676436
"25 - 34","Aleut alone","American Indian/Alaska Native",159,12.1693839275027,305.830616072497
"25 - 34","All Other Spanish/Hispanic/Latino","Latino",54984,51684.6279663433,58283.3720336567
"25 - 34","All combinations of Asian races only","Asian alone",26659,24766.2336515328,28551.7663484672
"25 - 34","All other specified American Indian tribe combinations","American Indian/Alaska Native",6077,5334.12648820917,6819.87351179083
"25 - 34","American Indian and Alaska Native, not specified","American Indian/Alaska Native",2527,1934.51766079248,3119.48233920752
"25 - 34","American Indian, tribe not specified","American Indian/Alaska Native",692,329.513112277591,1054.48688772241
"25 - 34","Apache alone","American Indian/Alaska Native",380,160.693843411187,599.306156588813
"25 - 34","Argentinean","Latino",6538,5653.29100567324,7422.70899432676
"25 - 34","Asian Indian alone","Asian alone",175034,169207.667818708,180860.332181292
"25 - 34","Bangladeshi alone","Asian alone",2034,1507.16877541386,2560.83122458614
"25 - 34","Black or African American alone","Black or African American alone",346159,341624.709291051,350693.290708949
"25 - 34","Blackfeet alone","American Indian/Alaska Native",253,44.2687645254391,461.731235474561
"25 - 34","Bolivian","Latino",1826,1301.29395468119,2350.70604531881
"25 - 34","Burmese alone","Asian alone",2116,1480.18745130442,2751.81254869558
"25 - 34","Cambodian alone","Asian alone",20478,18697.7016191036,22258.2983808964
"25 - 34","Cherokee alone","American Indian/Alaska Native",1663,1137.65272671669,2188.34727328331
"25 - 34","Cheyenne alone","American Indian/Alaska Native",27,-12.8711572544781,66.8711572544781
"25 - 34","Chickasaw alone","American Indian/Alaska Native",210,78.4042929870432,341.595707012957
"25 - 34","Chilean","Latino",3764,3060.93336946491,4467.06663053509
"25 - 34","Chinese, except Taiwanese, alone","Asian alone",237919,232371.457162317,243466.542837683
"25 - 34","Chippewa alone","American Indian/Alaska Native",388,121.305296393005,654.694703606996
"25 - 34","Choctaw alone","American Indian/Alaska Native",706,383.780290982607,1028.21970901739
"25 - 34","Colombian","Latino",14545,12931.6446370422,16158.3553629578
"25 - 34","Comanche alone","American Indian/Alaska Native",75,-12.2069370190249,162.206937019025
"25 - 34","Costa Rican","Latino",3553,2871.87110812906,4234.12889187094
"25 - 34","Creek alone","American Indian/Alaska Native",182,46.0200517094236,317.979948290576
"25 - 34","Cuban","Latino",17821,16214.0126391911,19427.9873608089
"25 - 34","Dominican","Latino",3804,3146.04645384186,4461.95354615814
"25 - 34","Ecuadorian","Latino",5863,5006.63137929878,6719.36862070122
"25 - 34","Fijian alone","Native Hawaiian and Other Pacific Islander alone",4157,3284.32558616749,5029.67441383251
"25 - 34","Filipino alone","Asian alone",182279,177285.738099383,187272.261900617
"25 - 34","Guamanian or Chamorro alone","Native Hawaiian and Other Pacific Islander alone",2566,1910.59881595504,3221.40118404496
"25 - 34","Guatemalan","Latino",82746,79207.0644684055,86284.9355315945
"25 - 34","Hmong alone","Asian alone",22766,20797.4530943432,24734.5469056568
"25 - 34","Honduran","Latino",16848,15285.1484851284,18410.8515148716
"25 - 34","Hopi alone","American Indian/Alaska Native",63,-1.66512934333448,127.665129343334
"25 - 34","Indonesian alone","Asian alone",4068,3017.59819761878,5118.40180238122
"25 - 34","Inupiat alone","American Indian/Alaska Native",23,-17.4433817635027,63.4433817635027
"25 - 34","Iroquois alone","American Indian/Alaska Native",176,39.9850931772462,312.014906822754
"25 - 34","Japanese alone","Asian alone",24582,22735.3743664147,26428.6256335853
"25 - 34","Korean alone","Asian alone",68154,64633.4544987948,71674.5455012052
"25 - 34","Laotian alone","Asian alone",12155,10503.3124100472,13806.6875899528
"25 - 34","Lumbee alone","American Indian/Alaska Native",26,-22.4644993326182,74.4644993326182
"25 - 34","Malaysian alone","Asian alone",758,493.613810042148,1022.38618995785
"25 - 34","Marshallese alone","Native Hawaiian and Other Pacific Islander alone",187,16.737954751132,357.262045248868
"25 - 34","Mexican","Latino",2037289,2029485.00822467,2045092.99177533
"25 - 34","Mexican American Indian alone","American Indian/Alaska Native",162,20.2979776449493,303.702022355051
"25 - 34","Mongolian alone","Asian alone",1043,609.572439644571,1476.42756035543
"25 - 34","Native Hawaiian alone","Native Hawaiian and Other Pacific Islander alone",3102,2334.06661276684,3869.93338723316
"25 - 34","Navajo alone","American Indian/Alaska Native",997,597.642813835964,1396.35718616404
"25 - 34","Nepalese alone","Asian alone",3895,2930.56997547128,4859.43002452872
"25 - 34","Nicaraguan","Latino",19247,17570.3970461965,20923.6029538035
"25 - 34","Other Alaska Native","American Indian/Alaska Native",34,-16.852010128605,84.852010128605
"25 - 34","Other American Indian and Alaska Native specified","American Indian/Alaska Native",638,327.470628849569,948.529371150431
"25 - 34","Other Asian alone","Asian alone",5388,4411.5146635441,6364.4853364559
"25 - 34","Other Central American","Latino",3162,2335.74963662782,3988.25036337218
"25 - 34","Other Native Hawaiian and Other Pacific Islander","Native Hawaiian and Other Pacific Islander alone",2677,1873.96927314903,3480.03072685097
"25 - 34","Other South American","Latino",531,194.13578066875,867.86421933125
"25 - 34","Other specified American Indian tribes alone","American Indian/Alaska Native",1023,690.957346036726,1355.04265396327
"25 - 34","Pakistani alone","Asian alone",11910,10335.1188630966,13484.8811369034
"25 - 34","Panamanian","Latino",2980,2283.1399986078,3676.8600013922
"25 - 34","Paraguayan","Latino",407,190.326900379075,623.673099620925
"25 - 34","Peruvian","Latino",14380,13089.0936734455,15670.9063265545
"25 - 34","Pima alone","American Indian/Alaska Native",184,9.25932944017987,358.74067055982
"25 - 34","Potawatomi alone","American Indian/Alaska Native",42,-9.64249825798115,93.6424982579811
"25 - 34","Pueblo alone","American Indian/Alaska Native",304,129.374999931586,478.625000068414
"25 - 34","Puerto Rican","Latino",38360,35863.2330564639,40856.7669435361
"25 - 34","Puget Sound Salish alone","American Indian/Alaska Native",56,-24.2882086156751,136.288208615675
"25 - 34","Salvadoran","Latino",121376,116814.718242679,125937.281757321
"25 - 34","Samoan alone","Native Hawaiian and Other Pacific Islander alone",6100,5122.08936062322,7077.91063937678
"25 - 34","Seminole alone","American Indian/Alaska Native",50,-24.6697439868042,124.669743986804
"25 - 34","Sioux alone","American Indian/Alaska Native",623,283.034541948554,962.965458051446
"25 - 34","Some Other Race alone","Some Other Race alone",17104,15254.8374738478,18953.1625261522
"25 - 34","South American Indian alone","American Indian/Alaska Native",192,-14.2460864231839,398.246086423184
"25 - 34","Spaniard","Latino",22076,20176.3828413818,23975.6171586182
"25 - 34","Sri Lankan alone","Asian alone",2026,1435.93893290954,2616.06106709046
"25 - 34","Taiwanese alone","Asian alone",14937,13542.2768941682,16331.7231058318
"25 - 34","Thai alone","Asian alone",9680,8485.20956740807,10874.7904325919
"25 - 34","Tlingit-Haida alone","American Indian/Alaska Native",113,-4.10209531340227,230.102095313402
"25 - 34","Tohono O'Odham alone","American Indian/Alaska Native",227,24.2411110932653,429.758888906735
"25 - 34","Tongan alone","Native Hawaiian and Other Pacific Islander alone",2823,2080.41787133332,3565.58212866668
"25 - 34","Two or More Races","Two or More Races",190309,184909.328879601,195708.671120399
"25 - 34","Uruguayan","Latino",597,306.511879633124,887.488120366876
"25 - 34","Venezuelan","Latino",3657,2930.46140653858,4383.53859346142
"25 - 34","Vietnamese alone","Asian alone",91512,88163.0978070268,94860.9021929732
"25 - 34","White alone","White alone",1974685,1971625.4378743,1977744.5621257
"25 - 34","Yaqui alone","American Indian/Alaska Native",118,0.0408420808587522,235.959157919141
"25 - 34","Yup'ik alone","American Indian/Alaska Native",101,-37.5559239662515,239.555923966251
"35 - 44","Alaskan Athabascan alone","American Indian/Alaska Native",55,-11.8314221801647,121.831422180165
"35 - 44","All Other Spanish/Hispanic/Latino","Latino",41258,38856.3769757227,43659.6230242773
"35 - 44","All combinations of Asian races only","Asian alone",18481,17192.6764309136,19769.3235690864
"35 - 44","All other specified American Indian tribe combinations","American Indian/Alaska Native",5867,5039.26295765689,6694.73704234311
"35 - 44","American Indian and Alaska Native, not specified","American Indian/Alaska Native",2060,1623.08053664424,2496.91946335576
"35 - 44","American Indian, tribe not specified","American Indian/Alaska Native",702,404.449329685535,999.550670314465
"35 - 44","Apache alone","American Indian/Alaska Native",736,414.817867759407,1057.18213224059
"35 - 44","Argentinean","Latino",8020,6850.91910434266,9189.08089565734
"35 - 44","Asian Indian alone","Asian alone",158649,154078.814334186,163219.185665814
"35 - 44","Bangladeshi alone","Asian alone",2380,1801.99282792832,2958.00717207168
"35 - 44","Bhutanese alone","Asian alone",15,-15.1242654952076,45.1242654952076
"35 - 44","Black or African American alone","Black or African American alone",278611,274951.379088803,282270.620911197
"35 - 44","Blackfeet alone","American Indian/Alaska Native",142,43.8938206536972,240.106179346303
"35 - 44","Bolivian","Latino",2151,1668.22369753834,2633.77630246166
"35 - 44","Burmese alone","Asian alone",2397,1813.04298739114,2980.95701260886
"35 - 44","Cambodian alone","Asian alone",12225,10883.6114723986,13566.3885276014
"35 - 44","Cherokee alone","American Indian/Alaska Native",2009,1436.96646062493,2581.03353937507
"35 - 44","Cheyenne alone","American Indian/Alaska Native",67,-48.410930772948,182.410930772948
"35 - 44","Chickasaw alone","American Indian/Alaska Native",195,37.6568308402522,352.343169159748
"35 - 44","Chilean","Latino",4140,3377.08156993815,4902.91843006185
"35 - 44","Chinese, except Taiwanese, alone","Asian alone",202094,196966.158549746,207221.841450254
"35 - 44","Chippewa alone","American Indian/Alaska Native",213,34.1228564387166,391.877143561283
"35 - 44","Choctaw alone","American Indian/Alaska Native",849,441.688273569398,1256.3117264306
"35 - 44","Colombian","Latino",12026,10607.1852953324,13444.8147046676
"35 - 44","Comanche alone","American Indian/Alaska Native",131,0.855908095445955,261.144091904554
"35 - 44","Costa Rican","Latino",3896,3168.7016408038,4623.2983591962
"35 - 44","Creek alone","American Indian/Alaska Native",206,43.5306065526837,368.469393447316
"35 - 44","Crow alone","American Indian/Alaska Native",55,-31.3302566307261,141.330256630726
"35 - 44","Cuban","Latino",11112,9970.28384945634,12253.7161505437
"35 - 44","Dominican","Latino",2706,2013.66358864925,3398.33641135075
"35 - 44","Ecuadorian","Latino",5376,4620.11568944105,6131.88431055895
"35 - 44","Fijian alone","Native Hawaiian and Other Pacific Islander alone",4122,3298.1602562603,4945.8397437397
"35 - 44","Filipino alone","Asian alone",183510,179016.28436019,188003.71563981
"35 - 44","Guamanian or Chamorro alone","Native Hawaiian and Other Pacific Islander alone",3636,2744.6664836676,4527.3335163324
"35 - 44","Guatemalan","Latino",72178,68866.2346812158,75489.7653187842
"35 - 44","Hmong alone","Asian alone",10762,9490.04578065758,12033.9542193424
"35 - 44","Honduran","Latino",16068,14357.7544342993,17778.2455657007
"35 - 44","Hopi alone","American Indian/Alaska Native",246,0.244681578407722,491.755318421592
"35 - 44","Indonesian alone","Asian alone",4734,3860.14815178946,5607.85184821054
"35 - 44","Inupiat alone","American Indian/Alaska Native",50,-5.45824366305002,105.45824366305
"35 - 44","Iroquois alone","American Indian/Alaska Native",172,-13.9473643289915,357.947364328992
"35 - 44","Japanese alone","Asian alone",34317,31926.2757295099,36707.7242704901
"35 - 44","Korean alone","Asian alone",77668,74028.9097647109,81307.0902352891
"35 - 44","Laotian alone","Asian alone",10704,9390.68841676279,12017.3115832372
"35 - 44","Lumbee alone","American Indian/Alaska Native",47,-6.28684663818718,100.286846638187
"35 - 44","Malaysian alone","Asian alone",571,309.007298246882,832.992701753118
"35 - 44","Marshallese alone","Native Hawaiian and Other Pacific Islander alone",208,-12.4143893637705,428.414389363771
"35 - 44","Mexican","Latino",1764612,1757101.92044001,1772122.07955999
"35 - 44","Mexican American Indian alone","American Indian/Alaska Native",112,-6.20660237302369,230.206602373024
"35 - 44","Mongolian alone","Asian alone",1400,719.855270145971,2080.14472985403
"35 - 44","Native Hawaiian alone","Native Hawaiian and Other Pacific Islander alone",2521,1952.4917379371,3089.5082620629
"35 - 44","Navajo alone","American Indian/Alaska Native",1288,831.011097517761,1744.98890248224
"35 - 44","Nepalese alone","Asian alone",3299,2636.60385858535,3961.39614141465
"35 - 44","Nicaraguan","Latino",17213,15669.8409733375,18756.1590266625
"35 - 44","Other Alaska Native","American Indian/Alaska Native",18,-22.9882949061041,58.9882949061041
"35 - 44","Other American Indian and Alaska Native specified","American Indian/Alaska Native",837,571.270796787575,1102.72920321243
"35 - 44","Other Asian alone","Asian alone",4062,3328.54840121567,4795.45159878433
"35 - 44","Other Central American","Latino",2811,1964.15255439919,3657.84744560081
"35 - 44","Other Native Hawaiian and Other Pacific Islander","Native Hawaiian and Other Pacific Islander alone",1833,1328.50646439939,2337.49353560061
"35 - 44","Other South American","Latino",1055,573.642219252091,1536.35778074791
"35 - 44","Other specified American Indian tribes alone","American Indian/Alaska Native",1249,808.194813754184,1689.80518624582
"35 - 44","Pakistani alone","Asian alone",9639,8429.92297818832,10848.0770218117
"35 - 44","Panamanian","Latino",2189,1744.59861332927,2633.40138667073
"35 - 44","Paraguayan","Latino",163,36.3707551507768,289.629244849223
"35 - 44","Peruvian","Latino",14931,13297.5251775712,16564.4748224288
"35 - 44","Pima alone","American Indian/Alaska Native",43,-24.9469851687243,110.946985168724
"35 - 44","Potawatomi alone","American Indian/Alaska Native",199,-10.5283319216104,408.52833192161
"35 - 44","Pueblo alone","American Indian/Alaska Native",419,154.129854908529,683.870145091471
"35 - 44","Puerto Rican","Latino",30333,28444.238417464,32221.761582536
"35 - 44","Puget Sound Salish alone","American Indian/Alaska Native",33,-22.0009333256065,88.0009333256065
"35 - 44","Salvadoran","Latino",111004,107107.50418045,114900.49581955
"35 - 44","Samoan alone","Native Hawaiian and Other Pacific Islander alone",5465,4519.04358963858,6410.95641036142
"35 - 44","Seminole alone","American Indian/Alaska Native",88,-28.2080337623629,204.208033762363
"35 - 44","Sioux alone","American Indian/Alaska Native",274,43.649349926788,504.350650073212
"35 - 44","Some Other Race alone","Some Other Race alone",14051,12388.5050141787,15713.4949858213
"35 - 44","South American Indian alone","American Indian/Alaska Native",9,-9.56034786382731,27.5603478638273
"35 - 44","Spaniard","Latino",21169,19244.013126669,23093.986873331
"35 - 44","Sri Lankan alone","Asian alone",1842,1303.84450512748,2380.15549487252
"35 - 44","Taiwanese alone","Asian alone",13714,12339.9756256846,15088.0243743154
"35 - 44","Thai alone","Asian alone",10890,9610.53456389733,12169.4654361027
"35 - 44","Tlingit-Haida alone","American Indian/Alaska Native",24,-14.3439452302871,62.3439452302871
"35 - 44","Tohono O'Odham alone","American Indian/Alaska Native",94,-32.0443853490297,220.04438534903
"35 - 44","Tongan alone","Native Hawaiian and Other Pacific Islander alone",3081,2152.30746492342,4009.69253507658
"35 - 44","Two or More Races","Two or More Races",133399,128900.506650615,137897.493349385
"35 - 44","Uruguayan","Latino",876,521.278819434641,1230.72118056536
"35 - 44","Venezuelan","Latino",2542,2000.32227937701,3083.67772062299
"35 - 44","Vietnamese alone","Asian alone",94577,90569.0239754337,98584.9760245663
"35 - 44","White alone","White alone",1740277,1737597.30193101,1742956.69806899
"35 - 44","Yaqui alone","American Indian/Alaska Native",235,61.8039512790483,408.196048720952
"35 - 44","Yup'ik alone","American Indian/Alaska Native",21,-25.1552743420311,67.1552743420311
"45 - 54","Alaskan Athabascan alone","American Indian/Alaska Native",66,-25.1063220482299,157.10632204823
"45 - 54","Aleut alone","American Indian/Alaska Native",52,-13.7376128406043,117.737612840604
"45 - 54","All Other Spanish/Hispanic/Latino","Latino",39922,37646.8419662401,42197.1580337599
"45 - 54","All combinations of Asian races only","Asian alone",14485,13184.1792632942,15785.8207367058
"45 - 54","All other specified American Indian tribe combinations","American Indian/Alaska Native",5583,4845.69723538195,6320.30276461805
"45 - 54","American Indian and Alaska Native, not specified","American Indian/Alaska Native",2191,1674.25309534622,2707.74690465378
"45 - 54","American Indian, tribe not specified","American Indian/Alaska Native",1021,575.335353168266,1466.66464683173
"45 - 54","Apache alone","American Indian/Alaska Native",792,470.461881986148,1113.53811801385
"45 - 54","Argentinean","Latino",7880,7022.85727210896,8737.14272789104
"45 - 54","Asian Indian alone","Asian alone",86708,83163.4851166284,90252.5148833716
"45 - 54","Bangladeshi alone","Asian alone",2164,1485.51204536409,2842.48795463591
"45 - 54","Bhutanese alone","Asian alone",23,-10.8932234646622,56.8932234646622
"45 - 54","Black or African American alone","Black or African American alone",297471,293798.372964523,301143.627035477
"45 - 54","Blackfeet alone","American Indian/Alaska Native",228,60.6103561116125,395.389643888388
"45 - 54","Bolivian","Latino",1874,1375.44725079392,2372.55274920608
"45 - 54","Burmese alone","Asian alone",2746,2098.17511409214,3393.82488590786
"45 - 54","Cambodian alone","Asian alone",11099,10050.440917572,12147.559082428
"45 - 54","Cherokee alone","American Indian/Alaska Native",2396,1890.71038467271,2901.28961532729
"45 - 54","Cheyenne alone","American Indian/Alaska Native",20,-28.4828892185592,68.4828892185592
"45 - 54","Chickasaw alone","American Indian/Alaska Native",230,85.7500256999749,374.249974300025
"45 - 54","Chilean","Latino",4129,3396.02295982578,4861.97704017422
"45 - 54","Chinese, except Taiwanese, alone","Asian alone",221751,216885.829191823,226616.170808177
"45 - 54","Chippewa alone","American Indian/Alaska Native",349,156.544975908679,541.455024091321
"45 - 54","Choctaw alone","American Indian/Alaska Native",653,439.986485994669,866.013514005331
"45 - 54","Colombian","Latino",12434,10931.6932815402,13936.3067184598
"45 - 54","Comanche alone","American Indian/Alaska Native",40,-13.1677531038842,93.1677531038842
"45 - 54","Costa Rican","Latino",3620,3003.07216698882,4236.92783301118
"45 - 54","Creek alone","American Indian/Alaska Native",304,115.320438019167,492.679561980833
"45 - 54","Crow alone","American Indian/Alaska Native",7,-6.62404646373947,20.6240464637395
"45 - 54","Cuban","Latino",11658,10646.3813152912,12669.6186847088
"45 - 54","Dominican","Latino",1951,1430.37911234811,2471.62088765189
"45 - 54","Ecuadorian","Latino",5184,4418.71589758182,5949.28410241818
"45 - 54","Fijian alone","Native Hawaiian and Other Pacific Islander alone",4824,3908.85883046273,5739.14116953727
"45 - 54","Filipino alone","Asian alone",184192,179477.354971853,188906.645028147
"45 - 54","Guamanian or Chamorro alone","Native Hawaiian and Other Pacific Islander alone",3499,2771.19616066786,4226.80383933214
"45 - 54","Guatemalan","Latino",57468,54201.4637972245,60734.5362027755
"45 - 54","Hmong alone","Asian alone",6249,5338.97648189184,7159.02351810816
"45 - 54","Honduran","Latino",11563,10247.2491005858,12878.7508994142
"45 - 54","Hopi alone","American Indian/Alaska Native",82,-16.6819767650401,180.68197676504
"45 - 54","Indonesian alone","Asian alone",5048,4111.54880881303,5984.45119118697
"45 - 54","Inupiat alone","American Indian/Alaska Native",32,-22.2721718442865,86.2721718442865
"45 - 54","Iroquois alone","American Indian/Alaska Native",321,149.18655614008,492.81344385992
"45 - 54","Japanese alone","Asian alone",41697,39178.55751414,44215.44248586
"45 - 54","Korean alone","Asian alone",74409,70789.4595500749,78028.5404499251
"45 - 54","Laotian alone","Asian alone",7070,6037.39805448104,8102.60194551896
"45 - 54","Lumbee alone","American Indian/Alaska Native",125,9.69038297329361,240.309617026706
"45 - 54","Malaysian alone","Asian alone",617,345.005142640122,888.994857359878
"45 - 54","Marshallese alone","Native Hawaiian and Other Pacific Islander alone",42,-18.9415916902275,102.941591690227
"45 - 54","Mexican","Latino",1488080,1481889.03624901,1494270.96375099
"45 - 54","Mexican American Indian alone","American Indian/Alaska Native",223,90.1421078424023,355.857892157598
"45 - 54","Mongolian alone","Asian alone",706,350.741995226183,1061.25800477382
"45 - 54","Native Hawaiian alone","Native Hawaiian and Other Pacific Islander alone",2764,2094.16219223918,3433.83780776082
"45 - 54","Navajo alone","American Indian/Alaska Native",653,399.855734845597,906.144265154403
"45 - 54","Nepalese alone","Asian alone",1704,1171.26631054744,2236.73368945256
"45 - 54","Nicaraguan","Latino",16030,14529.8868625674,17530.1131374326
"45 - 54","Other Alaska Native","American Indian/Alaska Native",90,-11.4085059158353,191.408505915835
"45 - 54","Other American Indian and Alaska Native specified","American Indian/Alaska Native",1087,674.202508494511,1499.79749150549
"45 - 54","Other Asian alone","Asian alone",3538,2929.39189630284,4146.60810369716
"45 - 54","Other Central American","Latino",2123,1519.70146947796,2726.29853052204
"45 - 54","Other Native Hawaiian and Other Pacific Islander","Native Hawaiian and Other Pacific Islander alone",1635,1084.18646399622,2185.81353600378
"45 - 54","Other South American","Latino",613,304.416978945216,921.583021054784
"45 - 54","Other specified American Indian tribes alone","American Indian/Alaska Native",1051,702.219673677953,1399.78032632205
"45 - 54","Pakistani alone","Asian alone",8280,7132.78368445561,9427.21631554439
"45 - 54","Panamanian","Latino",2890,2131.67660809631,3648.32339190369
"45 - 54","Paraguayan","Latino",203,68.4420324912657,337.557967508734
"45 - 54","Peruvian","Latino",16395,14907.2347315358,17882.7652684642
"45 - 54","Pima alone","American Indian/Alaska Native",55,-5.1036867548874,115.103686754887
"45 - 54","Potawatomi alone","American Indian/Alaska Native",269,85.9938250459684,452.006174954032
"45 - 54","Pueblo alone","American Indian/Alaska Native",184,20.0389670111164,347.961032988884
"45 - 54","Puerto Rican","Latino",23236,21478.1074964944,24993.8925035056
"45 - 54","Puget Sound Salish alone","American Indian/Alaska Native",17,-15.38689422332,49.38689422332
"45 - 54","Salvadoran","Latino",98362,94891.7165882016,101832.283411798
"45 - 54","Samoan alone","Native Hawaiian and Other Pacific Islander alone",4741,3897.57564121833,5584.42435878167
"45 - 54","Seminole alone","American Indian/Alaska Native",19,-18.3733198751769,56.3733198751769
"45 - 54","Sioux alone","American Indian/Alaska Native",306,99.393569289436,512.606430710564
"45 - 54","Some Other Race alone","Some Other Race alone",10584,9532.00328243228,11635.9967175677
"45 - 54","South American Indian alone","American Indian/Alaska Native",37,-23.315896455112,97.315896455112
"45 - 54","Spaniard","Latino",23062,21158.2752089388,24965.7247910612
"45 - 54","Sri Lankan alone","Asian alone",1791,1176.72903781675,2405.27096218325
"45 - 54","Taiwanese alone","Asian alone",9492,8304.37923790078,10679.6207620992
"45 - 54","Thai alone","Asian alone",8189,7186.60356286448,9191.39643713551
"45 - 54","Tlingit-Haida alone","American Indian/Alaska Native",196,-20.5542137729651,412.554213772965
"45 - 54","Tohono O'Odham alone","American Indian/Alaska Native",210,68.233685796334,351.766314203666
"45 - 54","Tongan alone","Native Hawaiian and Other Pacific Islander alone",2226,1609.80551017891,2842.19448982109
"45 - 54","Two or More Races","Two or More Races",103559,99817.6442647332,107300.355735267
"45 - 54","Uruguayan","Latino",562,356.692514283971,767.307485716029
"45 - 54","Venezuelan","Latino",1997,1462.49128860571,2531.50871139429
"45 - 54","Vietnamese alone","Asian alone",109530,105867.201478456,113192.798521544
"45 - 54","White alone","White alone",2020738,2018051.71720014,2023424.28279986
"45 - 54","Yaqui alone","American Indian/Alaska Native",235,103.594101104465,366.405898895535
"45 - 54","Yup'ik alone","American Indian/Alaska Native",21,-21.7112770769513,63.7112770769513
"55 - 64","Alaskan Athabascan alone","American Indian/Alaska Native",65,-16.7685086429987,146.768508642999
"55 - 64","Aleut alone","American Indian/Alaska Native",50,-2.72814939529523,102.728149395295
"55 - 64","All Other Spanish/Hispanic/Latino","Latino",36127,33740.7802885377,38513.2197114623
"55 - 64","All combinations of Asian races only","Asian alone",11837,10740.0820497856,12933.9179502144
"55 - 64","All other specified American Indian tribe combinations","American Indian/Alaska Native",5967,5402.07635582552,6531.92364417448
"55 - 64","American Indian and Alaska Native, not specified","American Indian/Alaska Native",2767,2258.58956919526,3275.41043080474
"55 - 64","American Indian, tribe not specified","American Indian/Alaska Native",708,413.680788899936,1002.31921110006
"55 - 64","Apache alone","American Indian/Alaska Native",536,321.028152052796,750.971847947204
"55 - 64","Argentinean","Latino",5911,4879.21955339226,6942.78044660774
"55 - 64","Asian Indian alone","Asian alone",56706,53812.0321834839,59599.9678165161
"55 - 64","Bangladeshi alone","Asian alone",1130,755.199229625155,1504.80077037484
"55 - 64","Bhutanese alone","Asian alone",34,-5.38376230665528,73.3837623066553
"55 - 64","Black or African American alone","Black or African American alone",286420,283918.214382397,288921.785617603
"55 - 64","Blackfeet alone","American Indian/Alaska Native",453,231.936778651326,674.063221348674
"55 - 64","Bolivian","Latino",2244,1657.71796724348,2830.28203275652
"55 - 64","Burmese alone","Asian alone",2184,1609.03476101732,2758.96523898268
"55 - 64","Cambodian alone","Asian alone",10287,9100.53163125968,11473.4683687403
"55 - 64","Cherokee alone","American Indian/Alaska Native",3686,3129.39915010617,4242.60084989383
"55 - 64","Cheyenne alone","American Indian/Alaska Native",149,-13.8803783869278,311.880378386928
"55 - 64","Chickasaw alone","American Indian/Alaska Native",282,124.646759185378,439.353240814622
"55 - 64","Chilean","Latino",3145,2558.88000442756,3731.11999557244
"55 - 64","Chinese, except Taiwanese, alone","Asian alone",210307,206189.327092859,214424.672907141
"55 - 64","Chippewa alone","American Indian/Alaska Native",545,315.990939737263,774.009060262737
"55 - 64","Choctaw alone","American Indian/Alaska Native",912,687.668666993819,1136.33133300618
"55 - 64","Colombian","Latino",8790,7608.99533925481,9971.00466074519
"55 - 64","Comanche alone","American Indian/Alaska Native",53,-5.17599397227227,111.175993972272
"55 - 64","Costa Rican","Latino",2883,2253.09200510691,3512.90799489309
"55 - 64","Creek alone","American Indian/Alaska Native",427,218.359892400434,635.640107599566
"55 - 64","Crow alone","American Indian/Alaska Native",62,-1.32478999320831,125.324789993208
"55 - 64","Cuban","Latino",11934,10792.3684367646,13075.6315632354
"55 - 64","Dominican","Latino",1319,950.630363613068,1687.36963638693
"55 - 64","Ecuadorian","Latino",4549,3898.54215874268,5199.45784125732
"55 - 64","Fijian alone","Native Hawaiian and Other Pacific Islander alone",3848,3124.86119306741,4571.13880693259
"55 - 64","Filipino alone","Asian alone",179455,175212.754209398,183697.245790602
"55 - 64","Guamanian or Chamorro alone","Native Hawaiian and Other Pacific Islander alone",3078,2326.83668538405,3829.16331461595
"55 - 64","Guatemalan","Latino",34602,32739.0393512251,36464.9606487749
"55 - 64","Hmong alone","Asian alone",4115,3498.9263987597,4731.0736012403
"55 - 64","Honduran","Latino",6782,5765.10053252642,7798.89946747358
"55 - 64","Hopi alone","American Indian/Alaska Native",23,-21.6433622213064,67.6433622213064
"55 - 64","Indonesian alone","Asian alone",3949,3216.08241950564,4681.91758049436
"55 - 64","Inupiat alone","American Indian/Alaska Native",9,-14.3018734010911,32.3018734010911
"55 - 64","Iroquois alone","American Indian/Alaska Native",294,137.214926863271,450.785073136729
"55 - 64","Japanese alone","Asian alone",45942,43444.5454678293,48439.4545321707
"55 - 64","Korean alone","Asian alone",61034,58047.5259574748,64020.4740425252
"55 - 64","Laotian alone","Asian alone",6821,5576.85628266827,8065.14371733173
"55 - 64","Malaysian alone","Asian alone",277,125.942662851644,428.057337148356
"55 - 64","Marshallese alone","Native Hawaiian and Other Pacific Islander alone",17,-16.6497956139706,50.6497956139706
"55 - 64","Mexican","Latino",993404,987867.104612162,998940.895387838
"55 - 64","Mexican American Indian alone","American Indian/Alaska Native",126,13.0307712811497,238.96922871885
"55 - 64","Mongolian alone","Asian alone",277,-30.237128401913,584.237128401913
"55 - 64","Native Hawaiian alone","Native Hawaiian and Other Pacific Islander alone",3474,2699.51022172143,4248.48977827856
"55 - 64","Navajo alone","American Indian/Alaska Native",547,321.398031946491,772.601968053509
"55 - 64","Nepalese alone","Asian alone",730,396.382493438067,1063.61750656193
"55 - 64","Nicaraguan","Latino",14111,12720.3944999154,15501.6055000846
"55 - 64","Other Alaska Native","American Indian/Alaska Native",24,-10.351849206947,58.351849206947
"55 - 64","Other American Indian and Alaska Native specified","American Indian/Alaska Native",725,503.612180959563,946.387819040437
"55 - 64","Other Asian alone","Asian alone",2650,2148.70777205069,3151.29222794931
"55 - 64","Other Central American","Latino",1604,1006.09098748801,2201.90901251199
"55 - 64","Other Native Hawaiian and Other Pacific Islander","Native Hawaiian and Other Pacific Islander alone",1821,1336.73487655451,2305.26512344549
"55 - 64","Other South American","Latino",726,357.983303511844,1094.01669648816
"55 - 64","Other specified American Indian tribes alone","American Indian/Alaska Native",985,663.310668834888,1306.68933116511
"55 - 64","Pakistani alone","Asian alone",5623,4744.47087989521,6501.52912010479
"55 - 64","Panamanian","Latino",2365,1811.16889820782,2918.83110179218
"55 - 64","Paraguayan","Latino",147,26.9954943594457,267.004505640554
"55 - 64","Peruvian","Latino",14097,12983.715823293,15210.284176707
"55 - 64","Pima alone","American Indian/Alaska Native",21,-11.1751828261561,53.1751828261561
"55 - 64","Potawatomi alone","American Indian/Alaska Native",240,93.99467680312,386.00532319688
"55 - 64","Pueblo alone","American Indian/Alaska Native",394,77.2493819960309,710.750618003969
"55 - 64","Puerto Rican","Latino",21435,19682.9292813046,23187.0707186954
"55 - 64","Puget Sound Salish alone","American Indian/Alaska Native",14,-12.4587664747035,40.4587664747035
"55 - 64","Salvadoran","Latino",79169,75591.4101185167,82746.5898814833
"55 - 64","Samoan alone","Native Hawaiian and Other Pacific Islander alone",3881,3131.13939068066,4630.86060931934
"55 - 64","Seminole alone","American Indian/Alaska Native",70,-11.4882148083085,151.488214808308
"55 - 64","Sioux alone","American Indian/Alaska Native",389,162.588147805691,615.411852194309
"55 - 64","Some Other Race alone","Some Other Race alone",8633,7619.03019986891,9646.96980013109
"55 - 64","South American Indian alone","American Indian/Alaska Native",83,-30.0954121970278,196.095412197028
"55 - 64","Spaniard","Latino",20173,18516.062458005,21829.937541995
"55 - 64","Sri Lankan alone","Asian alone",1737,1251.39786136162,2222.60213863838
"55 - 64","Taiwanese alone","Asian alone",8965,7799.52162775549,10130.4783722445
"55 - 64","Thai alone","Asian alone",7059,6134.02780726739,7983.97219273261
"55 - 64","Tlingit-Haida alone","American Indian/Alaska Native",51,-6.60109797911715,108.601097979117
"55 - 64","Tohono O'Odham alone","American Indian/Alaska Native",146,8.93036649473686,283.069633505263
"55 - 64","Tongan alone","Native Hawaiian and Other Pacific Islander alone",1982,1297.06731217906,2666.93268782094
"55 - 64","Two or More Races","Two or More Races",80204,77311.9233801102,83096.0766198898
"55 - 64","Uruguayan","Latino",539,296.4474909428,781.5525090572
"55 - 64","Venezuelan","Latino",1442,1006.62001176865,1877.37998823135
"55 - 64","Vietnamese alone","Asian alone",90009,86720.1136694228,93297.8863305772
"55 - 64","White alone","White alone",2315861,2313411.36876809,2318310.63123191
"55 - 64","Yaqui alone","American Indian/Alaska Native",277,83.4349852838777,470.565014716122
"55 - 64","Yup'ik alone","American Indian/Alaska Native",36,-20.7452883949544,92.7452883949544
"65 - 74","Alaskan Athabascan alone","American Indian/Alaska Native",15,-10.2638240879755,40.2638240879755
"65 - 74","All Other Spanish/Hispanic/Latino","Latino",23274,21555.447432476,24992.552567524
"65 - 74","All combinations of Asian races only","Asian alone",5465,4827.36649045911,6102.63350954089
"65 - 74","All other specified American Indian tribe combinations","American Indian/Alaska Native",3513,2918.73609737791,4107.26390262209
"65 - 74","American Indian and Alaska Native, not specified","American Indian/Alaska Native",2060,1585.14411238386,2534.85588761614
"65 - 74","American Indian, tribe not specified","American Indian/Alaska Native",572,282.824847862907,861.175152137093
"65 - 74","Apache alone","American Indian/Alaska Native",697,423.4615153526,970.5384846474
"65 - 74","Argentinean","Latino",4388,3640.95550314667,5135.04449685333
"65 - 74","Asian Indian alone","Asian alone",39060,36929.0749101936,41190.9250898064
"65 - 74","Bangladeshi alone","Asian alone",432,213.113366038196,650.886633961804
"65 - 74","Black or African American alone","Black or African American alone",169678,167121.189768902,172234.810231098
"65 - 74","Blackfeet alone","American Indian/Alaska Native",83,10.6751352602258,155.324864739774
"65 - 74","Bolivian","Latino",1420,1064.66923487124,1775.33076512876
"65 - 74","Burmese alone","Asian alone",1315,907.819608278083,1722.18039172192
"65 - 74","Cambodian alone","Asian alone",5753,4861.73727157699,6644.26272842301
"65 - 74","Cherokee alone","American Indian/Alaska Native",1912,1483.75520392089,2340.24479607911
"65 - 74","Cheyenne alone","American Indian/Alaska Native",135,-7.05038664464956,277.05038664465
"65 - 74","Chickasaw alone","American Indian/Alaska Native",240,81.7429350022511,398.257064997749
"65 - 74","Chilean","Latino",2587,1986.75466510475,3187.24533489525
"65 - 74","Chinese, except Taiwanese, alone","Asian alone",143380,139756.794192909,147003.205807091
"65 - 74","Chippewa alone","American Indian/Alaska Native",324,132.621550434013,515.378449565987
"65 - 74","Choctaw alone","American Indian/Alaska Native",487,260.009682878176,713.990317121824
"65 - 74","Colombian","Latino",4246,3576.87470149252,4915.12529850748
"65 - 74","Comanche alone","American Indian/Alaska Native",83,-16.512557762793,182.512557762793
"65 - 74","Costa Rican","Latino",2085,1604.44372973013,2565.55627026986
"65 - 74","Creek alone","American Indian/Alaska Native",138,32.8183127591358,243.181687240864
"65 - 74","Crow alone","American Indian/Alaska Native",15,-12.2807884710516,42.2807884710516
"65 - 74","Cuban","Latino",6783,6053.70423098127,7512.29576901873
"65 - 74","Dominican","Latino",472,260.574269983532,683.425730016468
"65 - 74","Ecuadorian","Latino",3455,2782.14553651454,4127.85446348546
"65 - 74","Fijian alone","Native Hawaiian and Other Pacific Islander alone",1940,1457.7787744045,2422.2212255955
"65 - 74","Filipino alone","Asian alone",132107,128790.511674551,135423.488325449
"65 - 74","Guamanian or Chamorro alone","Native Hawaiian and Other Pacific Islander alone",1809,1325.47625587016,2292.52374412984
"65 - 74","Guatemalan","Latino",17400,15870.041575594,18929.958424406
"65 - 74","Hmong alone","Asian alone",2391,1843.58367058382,2938.41632941618
"65 - 74","Honduran","Latino",2759,2119.3687397747,3398.6312602253
"65 - 74","Hopi alone","American Indian/Alaska Native",34,-21.1322371451734,89.1322371451734
"65 - 74","Indonesian alone","Asian alone",1909,1359.84041425056,2458.15958574944
"65 - 74","Inupiat alone","American Indian/Alaska Native",31,-22.4446074530364,84.4446074530364
"65 - 74","Iroquois alone","American Indian/Alaska Native",173,51.0412644008768,294.958735599123
"65 - 74","Japanese alone","Asian alone",36081,34132.6504780897,38029.3495219103
"65 - 74","Korean alone","Asian alone",39276,37591.5293676605,40960.4706323395
"65 - 74","Laotian alone","Asian alone",3777,3047.17651967994,4506.82348032006
"65 - 74","Lumbee alone","American Indian/Alaska Native",17,-10.2153581046951,44.2153581046951
"65 - 74","Malaysian alone","Asian alone",288,75.4682865173759,500.531713482624
"65 - 74","Marshallese alone","Native Hawaiian and Other Pacific Islander alone",12,-17.2569098695246,41.2569098695246
"65 - 74","Mexican","Latino",512376,509268.248664271,515483.751335729
"65 - 74","Mexican American Indian alone","American Indian/Alaska Native",234,29.7973662752183,438.202633724782
"65 - 74","Mongolian alone","Asian alone",68,1.94523709075246,134.054762909248
"65 - 74","Native Hawaiian alone","Native Hawaiian and Other Pacific Islander alone",1313,923.981031519808,1702.01896848019
"65 - 74","Navajo alone","American Indian/Alaska Native",756,466.271527831839,1045.72847216816
"65 - 74","Nepalese alone","Asian alone",260,73.6673866637266,446.332613336273
"65 - 74","Nicaraguan","Latino",7871,6933.94791761691,8808.05208238309
"65 - 74","Other Alaska Native","American Indian/Alaska Native",45,-34.6602942469788,124.660294246979
"65 - 74","Other American Indian and Alaska Native specified","American Indian/Alaska Native",707,440.570227863292,973.429772136708
"65 - 74","Other Asian alone","Asian alone",1987,1515.61553980446,2458.38446019554
"65 - 74","Other Central American","Latino",666,371.163659769704,960.836340230295
"65 - 74","Other Native Hawaiian and Other Pacific Islander","Native Hawaiian and Other Pacific Islander alone",535,276.887260946641,793.112739053359
"65 - 74","Other South American","Latino",334,97.2698561822175,570.730143817783
"65 - 74","Other specified American Indian tribes alone","American Indian/Alaska Native",532,339.546519869905,724.453480130095
"65 - 74","Pakistani alone","Asian alone",3182,2470.32525068169,3893.67474931831
"65 - 74","Panamanian","Latino",1287,914.517675473392,1659.48232452661
"65 - 74","Paraguayan","Latino",38,-13.0367115056106,89.0367115056106
"65 - 74","Peruvian","Latino",7831,6979.31452137884,8682.68547862116
"65 - 74","Pima alone","American Indian/Alaska Native",13,-16.1007632790422,42.1007632790422
"65 - 74","Potawatomi alone","American Indian/Alaska Native",111,33.551277946893,188.448722053107
"65 - 74","Pueblo alone","American Indian/Alaska Native",89,-8.16781833048658,186.167818330487
"65 - 74","Puerto Rican","Latino",12474,11391.3631343846,13556.6368656154
"65 - 74","Salvadoran","Latino",35150,32891.5665635607,37408.4334364393
"65 - 74","Samoan alone","Native Hawaiian and Other Pacific Islander alone",2174,1648.72456415433,2699.27543584567
"65 - 74","Seminole alone","American Indian/Alaska Native",82,2.46164944806711,161.538350551933
"65 - 74","Sioux alone","American Indian/Alaska Native",240,89.5477684514535,390.452231548547
"65 - 74","Some Other Race alone","Some Other Race alone",4998,4221.02526823485,5774.97473176515
"65 - 74","South American Indian alone","American Indian/Alaska Native",4,-5.93232660463743,13.9323266046374
"65 - 74","Spaniard","Latino",13127,11954.9699108606,14299.0300891394
"65 - 74","Sri Lankan alone","Asian alone",867,466.25039465729,1267.74960534271
"65 - 74","Taiwanese alone","Asian alone",7596,6578.6887059411,8613.3112940589
"65 - 74","Thai alone","Asian alone",7087,6174.23033792356,7999.76966207644
"65 - 74","Tlingit-Haida alone","American Indian/Alaska Native",37,-35.3974106825034,109.397410682503
"65 - 74","Tohono O'Odham alone","American Indian/Alaska Native",52,4.54330890380299,99.456691096197
"65 - 74","Tongan alone","Native Hawaiian and Other Pacific Islander alone",740,423.06525635952,1056.93474364048
"65 - 74","Two or More Races","Two or More Races",46285,44303.0246075987,48266.9753924013
"65 - 74","Uruguayan","Latino",373,174.898199145677,571.101800854323
"65 - 74","Venezuelan","Latino",391,218.322851589548,563.677148410452
"65 - 74","Vietnamese alone","Asian alone",57408,55012.1011507019,59803.8988492981
"65 - 74","White alone","White alone",1780034,1777922.2640741,1782145.7359259
"65 - 74","Yaqui alone","American Indian/Alaska Native",232,82.4802207065719,381.519779293428
"65 - 74","Yup'ik alone","American Indian/Alaska Native",20,-17.2485515449888,57.2485515449888
"75 - 84","Alaskan Athabascan alone","American Indian/Alaska Native",65,-28.1777345461483,158.177734546148
"75 - 84","Aleut alone","American Indian/Alaska Native",23,-16.184579363207,62.184579363207
"75 - 84","All Other Spanish/Hispanic/Latino","Latino",13156,11773.4166062455,14538.5833937545
"75 - 84","All combinations of Asian races only","Asian alone",2620,2067.08316892549,3172.91683107451
"75 - 84","All other specified American Indian tribe combinations","American Indian/Alaska Native",1648,1267.42847033714,2028.57152966286
"75 - 84","American Indian and Alaska Native, not specified","American Indian/Alaska Native",574,261.622635136392,886.377364863608
"75 - 84","American Indian, tribe not specified","American Indian/Alaska Native",311,142.024375591664,479.975624408336
"75 - 84","Apache alone","American Indian/Alaska Native",198,40.2224469349507,355.777553065049
"75 - 84","Argentinean","Latino",2786,2322.74094012301,3249.25905987699
"75 - 84","Asian Indian alone","Asian alone",19809,18338.1097502679,21279.8902497321
"75 - 84","Bangladeshi alone","Asian alone",192,31.1130040983744,352.886995901626
"75 - 84","Black or African American alone","Black or African American alone",84094,82150.5476646498,86037.4523353502
"75 - 84","Blackfeet alone","American Indian/Alaska Native",113,5.38951655449465,220.610483445505
"75 - 84","Bolivian","Latino",379,139.075603360702,618.924396639298
"75 - 84","Burmese alone","Asian alone",758,450.328609402646,1065.67139059735
"75 - 84","Cambodian alone","Asian alone",2177,1613.03095021743,2740.96904978257
"75 - 84","Cherokee alone","American Indian/Alaska Native",1024,682.20312619284,1365.79687380716
"75 - 84","Chickasaw alone","American Indian/Alaska Native",89,5.48050994421303,172.519490055787
"75 - 84","Chilean","Latino",1583,1199.19804794205,1966.80195205795
"75 - 84","Chinese, except Taiwanese, alone","Asian alone",76306,73684.3641323188,78927.6358676812
"75 - 84","Chippewa alone","American Indian/Alaska Native",43,-13.1839610778384,99.1839610778384
"75 - 84","Choctaw alone","American Indian/Alaska Native",245,68.3600196395692,421.639980360431
"75 - 84","Colombian","Latino",3062,2384.64128306532,3739.35871693468
"75 - 84","Comanche alone","American Indian/Alaska Native",12,-13.0472674046453,37.0472674046453
"75 - 84","Costa Rican","Latino",1099,752.043345497317,1445.95665450268
"75 - 84","Creek alone","American Indian/Alaska Native",38,-5.98624759448698,81.986247594487
"75 - 84","Cuban","Latino",5887,5135.97026996728,6638.02973003272
"75 - 84","Dominican","Latino",223,82.0654423132713,363.934557686729
"75 - 84","Ecuadorian","Latino",2087,1582.86410840665,2591.13589159335
"75 - 84","Fijian alone","Native Hawaiian and Other Pacific Islander alone",499,252.655751162767,745.344248837233
"75 - 84","Filipino alone","Asian alone",59587,57453.9700863787,61720.0299136213
"75 - 84","Guamanian or Chamorro alone","Native Hawaiian and Other Pacific Islander alone",835,533.966531768107,1136.03346823189
"75 - 84","Guatemalan","Latino",5477,4604.98049167822,6349.01950832178
"75 - 84","Hmong alone","Asian alone",863,568.097487028369,1157.90251297163
"75 - 84","Honduran","Latino",1397,953.32489764372,1840.67510235628
"75 - 84","Hopi alone","American Indian/Alaska Native",12,-11.0153202382341,35.0153202382341
"75 - 84","Indonesian alone","Asian alone",991,634.82340889978,1347.17659110022
"75 - 84","Inupiat alone","American Indian/Alaska Native",39,-23.5029890921663,101.502989092166
"75 - 84","Iroquois alone","American Indian/Alaska Native",110,12.4060116742226,207.593988325777
"75 - 84","Japanese alone","Asian alone",24607,22970.9162768765,26243.0837231235
"75 - 84","Korean alone","Asian alone",25868,23988.2888594645,27747.7111405355
"75 - 84","Laotian alone","Asian alone",1257,854.695346095576,1659.30465390442
"75 - 84","Lumbee alone","American Indian/Alaska Native",14,-15.5130812499004,43.5130812499004
"75 - 84","Malaysian alone","Asian alone",88,-17.4656906326887,193.465690632689
"75 - 84","Mexican","Latino",230489,226959.337330481,234018.662669519
"75 - 84","Mexican American Indian alone","American Indian/Alaska Native",57,-17.7651889477767,131.765188947777
"75 - 84","Mongolian alone","Asian alone",15,-14.3245403570609,44.3245403570609
"75 - 84","Native Hawaiian alone","Native Hawaiian and Other Pacific Islander alone",1141,731.597486626107,1550.40251337389
"75 - 84","Navajo alone","American Indian/Alaska Native",225,54.2041774763263,395.795822523674
"75 - 84","Nepalese alone","Asian alone",42,-26.0038122681051,110.003812268105
"75 - 84","Nicaraguan","Latino",5017,4184.74340006982,5849.25659993018
"75 - 84","Other American Indian and Alaska Native specified","American Indian/Alaska Native",383,165.369049160105,600.630950839895
"75 - 84","Other Asian alone","Asian alone",440,213.713735142205,666.286264857795
"75 - 84","Other Central American","Latino",275,63.2007582511947,486.799241748805
"75 - 84","Other Native Hawaiian and Other Pacific Islander","Native Hawaiian and Other Pacific Islander alone",332,115.548263319543,548.451736680457
"75 - 84","Other South American","Latino",195,19.9631312422265,370.036868757774
"75 - 84","Other specified American Indian tribes alone","American Indian/Alaska Native",405,206.939201899103,603.060798100897
"75 - 84","Pakistani alone","Asian alone",1319,909.148949685967,1728.85105031403
"75 - 84","Panamanian","Latino",990,676.90211866157,1303.09788133843
"75 - 84","Paraguayan","Latino",82,-18.2029091167742,182.202909116774
"75 - 84","Peruvian","Latino",4516,3792.50050775866,5239.49949224134
"75 - 84","Pima alone","American Indian/Alaska Native",17,-9.37628180998123,43.3762818099812
"75 - 84","Potawatomi alone","American Indian/Alaska Native",52,-13.8941240216917,117.894124021692
"75 - 84","Pueblo alone","American Indian/Alaska Native",93,-5.64684093870903,191.646840938709
"75 - 84","Puerto Rican","Latino",5603,4926.15121805168,6279.84878194832
"75 - 84","Salvadoran","Latino",12737,11486.8521922249,13987.1478077751
"75 - 84","Samoan alone","Native Hawaiian and Other Pacific Islander alone",944,565.442481184264,1322.55751881574
"75 - 84","Seminole alone","American Indian/Alaska Native",27,-28.4385944046975,82.4385944046975
"75 - 84","Sioux alone","American Indian/Alaska Native",97,3.10432195628859,190.895678043711
"75 - 84","Some Other Race alone","Some Other Race alone",2217,1558.64614336718,2875.35385663282
"75 - 84","Spaniard","Latino",7698,6786.76328503493,8609.23671496507
"75 - 84","Sri Lankan alone","Asian alone",461,188.543062898515,733.456937101485
"75 - 84","Taiwanese alone","Asian alone",3698,2866.37641980962,4529.62358019038
"75 - 84","Thai alone","Asian alone",2071,1552.53184821632,2589.46815178368
"75 - 84","Tlingit-Haida alone","American Indian/Alaska Native",152,20.180941434764,283.819058565236
"75 - 84","Tohono O'Odham alone","American Indian/Alaska Native",109,-15.1225663569396,233.12256635694
"75 - 84","Tongan alone","Native Hawaiian and Other Pacific Islander alone",477,213.123800274163,740.876199725837
"75 - 84","Two or More Races","Two or More Races",19523,18302.9237538202,20743.0762461798
"75 - 84","Uruguayan","Latino",289,75.2405670519645,502.759432948035
"75 - 84","Venezuelan","Latino",305,131.679326346279,478.320673653721
"75 - 84","Vietnamese alone","Asian alone",27149,25315.3715432101,28982.6284567899
"75 - 84","White alone","White alone",928910,922378.364733575,935441.635266425
"75 - 84","Yaqui alone","American Indian/Alaska Native",29,-16.2931308037322,74.2931308037322
"75 - 84","Yup'ik alone","American Indian/Alaska Native",11,-13.0012312711142,35.0012312711142
"85+","All Other Spanish/Hispanic/Latino","Latino",5582,4843.17233695833,6320.82766304167
"85+","All combinations of Asian races only","Asian alone",848,585.611397132491,1110.38860286751
"85+","All other specified American Indian tribe combinations","American Indian/Alaska Native",500,289.357602980055,710.642397019945
"85+","American Indian and Alaska Native, not specified","American Indian/Alaska Native",409,231.925987287066,586.074012712934
"85+","American Indian, tribe not specified","American Indian/Alaska Native",51,-12.5496235265611,114.549623526561
"85+","Apache alone","American Indian/Alaska Native",97,7.54924727660104,186.450752723399
"85+","Argentinean","Latino",1169,775.201108719173,1562.79889128083
"85+","Asian Indian alone","Asian alone",4701,4046.93899981066,5355.06100018934
"85+","Bangladeshi alone","Asian alone",24,-24.5951206407335,72.5951206407335
"85+","Black or African American alone","Black or African American alone",30384,28740.1325530089,32027.8674469911
"85+","Blackfeet alone","American Indian/Alaska Native",14,-18.0796112388459,46.0796112388459
"85+","Bolivian","Latino",107,30.4840803412063,183.515919658794
"85+","Burmese alone","Asian alone",135,-3.06466299958893,273.064662999589
"85+","Cambodian alone","Asian alone",1022,657.511933628071,1386.48806637193
"85+","Cherokee alone","American Indian/Alaska Native",409,209.673529257234,608.326470742766
"85+","Cheyenne alone","American Indian/Alaska Native",12,-12.5479893106039,36.5479893106039
"85+","Chickasaw alone","American Indian/Alaska Native",120,-5.96656585149746,245.966565851497
"85+","Chilean","Latino",310,156.159958766936,463.840041233064
"85+","Chinese, except Taiwanese, alone","Asian alone",37578,35567.3185650637,39588.6814349363
"85+","Chippewa alone","American Indian/Alaska Native",48,-14.5869208330294,110.586920833029
"85+","Choctaw alone","American Indian/Alaska Native",84,5.672559612733,162.327440387267
"85+","Colombian","Latino",1072,666.182395288236,1477.81760471176
"85+","Costa Rican","Latino",299,120.163282341964,477.836717658036
"85+","Creek alone","American Indian/Alaska Native",32,-20.4531784238564,84.4531784238564
"85+","Cuban","Latino",2758,2182.24700874678,3333.75299125322
"85+","Dominican","Latino",99,-67.3961613661294,265.396161366129
"85+","Ecuadorian","Latino",379,175.781467021953,582.218532978047
"85+","Fijian alone","Native Hawaiian and Other Pacific Islander alone",121,14.1460030304821,227.853996969518
"85+","Filipino alone","Asian alone",21901,20457.4238065836,23344.5761934164
"85+","Guamanian or Chamorro alone","Native Hawaiian and Other Pacific Islander alone",399,214.189082891437,583.810917108563
"85+","Guatemalan","Latino",2274,1777.7477891189,2770.2522108811
"85+","Hmong alone","Asian alone",659,344.983216219666,973.016783780334
"85+","Honduran","Latino",431,202.97918079717,659.02081920283
"85+","Indonesian alone","Asian alone",495,290.773600492899,699.226399507101
"85+","Iroquois alone","American Indian/Alaska Native",22,-10.1844166282765,54.1844166282765
"85+","Japanese alone","Asian alone",19545,18153.0798615634,20936.9201384366
"85+","Korean alone","Asian alone",8760,7744.82131571133,9775.17868428867
"85+","Laotian alone","Asian alone",717,411.140267801637,1022.85973219836
"85+","Malaysian alone","Asian alone",26,-19.7067355252849,71.7067355252849
"85+","Marshallese alone","Native Hawaiian and Other Pacific Islander alone",27,-3.94493990823424,57.9449399082342
"85+","Mexican","Latino",94920,91745.211105499,98094.788894501
"85+","Mongolian alone","Asian alone",12,-12.4752543675865,36.4752543675865
"85+","Native Hawaiian alone","Native Hawaiian and Other Pacific Islander alone",235,68.1378152925964,401.862184707404
"85+","Navajo alone","American Indian/Alaska Native",70,-6.40192167908866,146.401921679089
"85+","Nepalese alone","Asian alone",9,-7.15823893240845,25.1582389324085
"85+","Nicaraguan","Latino",1548,1132.70459570687,1963.29540429313
"85+","Other American Indian and Alaska Native specified","American Indian/Alaska Native",99,-4.53402871430536,202.534028714305
"85+","Other Asian alone","Asian alone",248,85.3545169790803,410.64548302092
"85+","Other Central American","Latino",95,-18.1733302487427,208.173330248743
"85+","Other Native Hawaiian and Other Pacific Islander","Native Hawaiian and Other Pacific Islander alone",144,18.4130018104184,269.586998189582
"85+","Other South American","Latino",58,-26.0172782623204,142.01727826232
"85+","Other specified American Indian tribes alone","American Indian/Alaska Native",46,-7.80294061286411,99.8029406128641
"85+","Pakistani alone","Asian alone",247,77.1800652177956,416.819934782204
"85+","Panamanian","Latino",272,145.635409724011,398.364590275989
"85+","Paraguayan","Latino",52,-24.0198251989462,128.019825198946
"85+","Peruvian","Latino",1663,1184.1914201013,2141.8085798987
"85+","Potawatomi alone","American Indian/Alaska Native",27,-29.9230480950161,83.9230480950161
"85+","Pueblo alone","American Indian/Alaska Native",34,-23.0620799882473,91.0620799882473
"85+","Puerto Rican","Latino",2598,2102.60877170676,3093.39122829324
"85+","Salvadoran","Latino",5377,4653.43849457827,6100.56150542173
"85+","Samoan alone","Native Hawaiian and Other Pacific Islander alone",100,-11.2054396682072,211.205439668207
"85+","Seminole alone","American Indian/Alaska Native",20,-22.4437546680018,62.4437546680018
"85+","Some Other Race alone","Some Other Race alone",862,576.76841542357,1147.23158457643
"85+","Spaniard","Latino",3246,2615.02241713319,3876.97758286681
"85+","Sri Lankan alone","Asian alone",58,-13.4735167429798,129.47351674298
"85+","Taiwanese alone","Asian alone",864,485.064855605644,1242.93514439436
"85+","Thai alone","Asian alone",254,103.501692368069,404.498307631931
"85+","Tongan alone","Native Hawaiian and Other Pacific Islander alone",158,22.9468164691793,293.053183530821
"85+","Two or More Races","Two or More Races",6851,5867.53931793194,7834.46068206806
"85+","Uruguayan","Latino",12,-12.6888049581685,36.6888049581685
"85+","Venezuelan","Latino",149,-26.6661117322317,324.666111732232
"85+","Vietnamese alone","Asian alone",10535,9344.51740343908,11725.4825965609
"85+","White alone","White alone",437476,430600.677091996,444351.322908004
"85+","Yaqui alone","American Indian/Alaska Native",33,-32.3583353283011,98.3583353283011
